Timestamp,Temperature (°C),Humidity (%),Pressure (hPa),Gas Resistance (Ω),Violet (450nm),Blue (500nm),Green (550nm),Yellow (570nm),Orange (600nm),Red (650nm),Ambient Light (lux)
2025-06-02 10:47:14,27.78,23.04,1013.66,102400000.00,3.52,6.42,12.50,14.33,0.00,0.00,412.88
2025-06-02 10:48:15,27.83,22.70,1013.67,102400000.00,5.87,7.70,14.78,15.28,18.96,12.61,419.87
2025-06-02 10:49:15,28.00,22.42,1013.64,102400000.00,5.87,7.70,14.78,15.28,18.96,12.61,418.25
2025-06-02 10:50:15,28.33,22.04,1013.66,102400000.00,5.87,7.70,14.78,15.28,18.96,12.61,407.50
2025-06-02 10:51:15,29.10,21.07,1013.62,102400000.00,5.87,7.70,13.64,15.28,17.96,11.71,456.42
2025-06-02 10:52:15,29.07,21.04,1013.65,102400000.00,5.87,7.70,13.64,14.33,17.96,11.71,455.35
2025-06-02 10:53:16,28.80,21.49,1013.66,102400000.00,5.87,7.70,14.78,16.24,19.96,13.51,454.27
2025-06-02 10:54:16,28.64,21.50,1013.66,102400000.00,5.87,7.70,14.78,16.24,19.96,13.51,450.51
2025-06-02 10:55:16,28.43,21.71,1013.66,102400000.00,5.87,7.70,14.78,16.24,19.96,12.61,447.28
2025-06-02 10:56:16,28.07,22.28,1013.67,102400000.00,5.87,7.70,14.78,15.28,19.96,12.61,446.75
2025-06-02 10:57:16,27.61,22.73,1013.62,102400000.00,5.87,7.70,13.64,15.28,18.96,12.61,445.67
2025-06-02 10:58:17,27.31,22.97,1013.62,102400000.00,5.87,7.70,13.64,15.28,18.96,12.61,446.21
2025-06-02 10:59:17,27.14,23.28,1013.59,102400000.00,5.87,7.70,13.64,14.33,17.96,11.71,447.82
2025-06-02 11:00:17,27.11,23.25,1013.58,102400000.00,5.87,7.70,13.64,15.28,18.96,12.61,447.28
2025-06-02 11:01:17,26.98,23.57,1013.55,102400000.00,5.87,7.70,14.78,16.24,19.96,13.51,438.68
2025-06-02 11:02:17,27.07,23.75,1013.58,102400000.00,5.87,7.70,13.64,15.28,18.96,12.61,401.05
2025-06-02 11:03:17,27.22,23.32,1013.55,102400000.00,5.87,7.70,14.78,15.28,19.96,12.61,387.61
2025-06-02 11:04:18,27.56,22.81,1013.59,102400000.00,5.87,8.98,14.78,16.24,19.96,13.51,444.60
2025-06-02 11:05:18,27.80,22.86,1013.57,102400000.00,4.69,7.70,12.50,14.33,16.97,10.81,384.38
2025-06-02 11:06:18,28.36,22.18,1013.57,102400000.00,4.69,7.70,12.50,13.37,15.97,10.81,391.91
2025-06-02 11:07:16,28.11,22.60,1013.60,102400000.00,3.52,6.42,12.50,13.37,0.00,0.00,377.93
2025-06-02 11:08:17,28.24,22.21,1013.56,102400000.00,5.87,7.70,13.64,14.33,17.96,11.71,382.23
2025-06-02 11:09:17,28.78,21.63,1013.56,102400000.00,5.87,7.70,13.64,14.33,17.96,11.71,379.01
2025-06-02 11:10:18,29.36,21.36,1013.52,102400000.00,3.52,6.42,11.37,13.37,0.00,0.00,386.53
2025-06-02 11:11:19,29.29,21.02,1013.54,102400000.00,5.87,7.70,13.64,14.33,17.96,11.71,327.94
2025-06-02 11:12:19,29.04,21.93,1013.54,102400000.00,4.69,6.42,12.50,13.37,15.97,10.81,388.68
2025-06-02 11:13:19,28.76,21.87,1013.57,102400000.00,5.87,7.70,13.64,15.28,17.96,11.71,358.04
2025-06-02 11:14:19,29.12,21.15,1013.58,102400000.00,5.87,7.70,13.64,14.33,17.96,11.71,356.43
2025-06-02 11:15:19,30.00,19.12,1013.65,102400000.00,5.87,7.70,14.78,15.28,18.96,12.61,405.89
2025-06-02 11:18:16,31.41,19.35,1013.72,102400000.00,3.52,6.42,12.50,13.37,0.00,0.00,401.59
2025-06-02 11:19:16,31.39,19.03,1013.71,102400000.00,5.87,7.70,13.64,15.28,18.96,11.71,404.28
2025-06-02 11:20:16,31.45,18.93,1013.71,102400000.00,4.69,7.70,12.50,13.37,15.97,10.81,419.87
2025-06-02 11:21:17,31.43,19.07,1013.70,102400000.00,5.87,7.70,12.50,14.33,16.97,11.71,419.87
2025-06-02 11:22:17,31.27,19.31,1013.71,102400000.00,5.87,7.70,13.64,14.33,17.96,11.71,420.40
2025-06-02 11:23:17,31.16,19.18,1013.74,102400000.00,4.69,7.70,12.50,13.37,16.97,10.81,417.72
2025-06-02 11:24:17,31.10,19.34,1013.73,102400000.00,4.69,6.42,12.50,13.37,16.97,10.81,410.73
2025-06-02 11:25:17,30.99,19.31,1013.71,102400000.00,4.69,6.42,11.37,12.42,14.97,9.91,383.85
2025-06-02 11:26:18,30.78,19.97,1013.70,102400000.00,4.69,7.70,12.50,13.37,16.97,10.81,424.70
2025-06-02 11:27:18,30.46,20.29,1013.71,102400000.00,4.69,6.42,12.50,13.37,15.97,9.91,418.79
2025-06-02 11:28:18,30.12,21.13,1013.73,102400000.00,4.69,7.70,12.50,13.37,16.97,10.81,418.79
2025-06-02 11:29:18,29.75,21.43,1013.71,102400000.00,4.69,6.42,12.50,13.37,16.97,10.81,339.76
2025-06-02 11:30:18,29.53,21.26,1013.71,102400000.00,4.69,6.42,12.50,13.37,15.97,10.81,347.83
2025-06-02 11:31:19,29.55,21.50,1013.69,102400000.00,4.69,6.42,11.37,13.37,15.97,9.91,299.44
2025-06-02 11:32:19,29.91,19.84,1013.71,102400000.00,5.87,7.70,13.64,14.33,17.96,11.71,422.02
2025-06-02 11:33:19,30.29,19.47,1013.67,102400000.00,3.52,5.13,9.09,9.55,10.98,7.20,415.03
2025-06-02 11:34:19,30.39,19.76,1013.70,102400000.00,4.69,7.70,12.50,13.37,15.97,10.81,419.87
2025-06-02 11:35:19,30.29,20.18,1013.68,102400000.00,5.87,7.70,12.50,14.33,17.96,11.71,392.45
2025-06-02 11:36:19,30.14,20.19,1013.71,102400000.00,4.69,6.42,12.50,13.37,15.97,10.81,418.25
2025-06-02 11:37:20,30.10,20.45,1013.68,102400000.00,4.69,7.70,12.50,13.37,15.97,10.81,369.87
2025-06-02 11:38:20,30.74,18.92,1013.68,102400000.00,4.69,6.42,12.50,13.37,15.97,10.81,419.33
2025-06-02 11:39:20,31.21,17.77,1013.69,102400000.00,4.69,6.42,11.37,12.42,14.97,9.91,392.99
2025-06-02 11:40:20,31.71,17.25,1013.69,102400000.00,4.69,6.42,12.50,13.37,15.97,10.81,419.87
2025-06-02 11:41:20,32.03,17.16,1013.72,102400000.00,4.69,6.42,12.50,13.37,15.97,10.81,417.72
2025-06-02 11:42:21,32.33,17.06,1013.72,102400000.00,4.69,6.42,12.50,13.37,15.97,10.81,416.10
2025-06-02 11:43:21,32.67,16.63,1013.69,102400000.00,4.69,6.42,11.37,13.37,15.97,10.81,415.03
2025-06-02 11:44:21,33.05,16.13,1013.71,102400000.00,4.69,6.42,12.50,13.37,15.97,10.81,415.56
2025-06-02 11:45:21,33.29,16.08,1013.72,102400000.00,4.69,6.42,12.50,13.37,15.97,10.81,416.64
2025-06-02 11:46:21,33.45,16.23,1013.73,102400000.00,4.69,6.42,12.50,13.37,15.97,10.81,413.41
2025-06-02 11:47:21,33.65,15.96,1013.75,102400000.00,4.69,6.42,12.50,13.37,15.97,10.81,416.10
2025-06-02 11:48:22,34.07,15.21,1013.74,102400000.00,4.69,6.42,12.50,13.37,15.97,10.81,415.03
2025-06-02 11:49:22,34.25,15.19,1013.74,102400000.00,4.69,6.42,12.50,13.37,16.97,10.81,408.58
2025-06-02 11:50:22,34.01,16.46,1013.73,102400000.00,4.69,7.70,12.50,13.37,16.97,10.81,409.11
2025-06-02 11:51:22,33.63,17.19,1013.76,102400000.00,4.69,6.42,11.37,13.37,15.97,9.91,411.26
2025-06-02 11:52:22,33.19,17.76,1013.73,102400000.00,4.69,6.42,12.50,13.37,15.97,10.81,412.88
2025-06-02 11:53:23,32.74,18.25,1013.72,102400000.00,4.69,6.42,12.50,13.37,15.97,10.81,412.88
2025-06-02 11:54:23,32.30,18.66,1013.71,102400000.00,4.69,7.70,12.50,13.37,16.97,10.81,415.03
2025-06-02 11:55:23,31.89,19.03,1013.72,102400000.00,4.69,6.42,12.50,13.37,15.97,10.81,418.25
2025-06-02 11:56:23,31.51,19.34,1013.68,102400000.00,4.69,7.70,12.50,13.37,15.97,10.81,417.18
2025-06-02 11:57:23,31.19,19.52,1013.70,102400000.00,4.69,7.70,12.50,13.37,16.97,10.81,415.56
2025-06-02 11:58:24,30.91,19.68,1013.70,102400000.00,4.69,7.70,12.50,14.33,17.96,11.71,413.95
2025-06-02 11:59:24,30.70,19.78,1013.69,102400000.00,4.69,7.70,13.64,14.33,17.96,11.71,423.09
2025-06-02 12:00:24,30.49,19.89,1013.69,102400000.00,5.87,7.70,13.64,14.33,17.96,11.71,423.09
2025-06-02 12:01:24,30.28,20.12,1013.66,102400000.00,4.69,7.70,12.50,13.37,16.97,10.81,423.63
2025-06-02 12:02:24,30.14,20.12,1013.66,102400000.00,4.69,6.42,12.50,13.37,15.97,10.81,423.09
2025-06-02 12:03:24,30.05,20.11,1013.62,102400000.00,4.69,7.70,13.64,14.33,17.96,11.71,415.56
2025-06-02 12:04:25,29.91,20.23,1013.63,102400000.00,5.87,7.70,13.64,14.33,17.96,11.71,409.65
2025-06-02 12:05:25,29.82,20.29,1013.62,102400000.00,5.87,7.70,13.64,14.33,17.96,11.71,408.58
2025-06-02 12:06:25,29.76,20.36,1013.62,102400000.00,5.87,7.70,12.50,14.33,16.97,11.71,415.03
2025-06-02 12:07:25,29.69,20.35,1013.60,102400000.00,4.69,7.70,12.50,14.33,17.96,11.71,414.49
2025-06-02 12:08:25,29.70,20.22,1013.61,102400000.00,4.69,6.42,12.50,13.37,15.97,10.81,410.19
2025-06-02 12:09:26,29.76,19.91,1013.58,102400000.00,4.69,6.42,11.37,12.42,14.97,9.91,409.11
2025-06-02 12:10:26,29.71,20.05,1013.59,102400000.00,4.69,6.42,11.37,13.37,15.97,10.81,409.65
2025-06-02 12:11:26,29.62,20.53,1013.55,102400000.00,4.69,6.42,11.37,12.42,15.97,9.91,409.65
2025-06-02 12:12:26,29.56,20.42,1013.59,102400000.00,4.69,6.42,11.37,13.37,15.97,9.91,414.49
2025-06-02 12:13:26,29.49,20.55,1013.58,102400000.00,4.69,6.42,11.37,11.46,14.97,9.91,412.34
2025-06-02 12:14:27,29.41,20.70,1013.60,102400000.00,4.69,6.42,11.37,12.42,15.97,9.91,409.11
2025-06-02 12:15:27,29.33,20.84,1013.57,102400000.00,4.69,6.42,11.37,13.37,15.97,10.81,413.41
2025-06-02 12:16:27,29.25,20.90,1013.56,102400000.00,4.69,6.42,11.37,12.42,15.97,10.81,412.34
2025-06-02 12:17:27,29.17,21.04,1013.57,102400000.00,4.69,6.42,11.37,12.42,14.97,9.91,412.34
2025-06-02 12:18:27,29.11,20.98,1013.53,102400000.00,4.69,6.42,11.37,12.42,15.97,9.91,414.49
2025-06-02 12:19:27,29.07,20.97,1013.52,102400000.00,4.69,6.42,12.50,13.37,16.97,10.81,413.95
2025-06-02 12:20:28,29.03,21.00,1013.51,102400000.00,4.69,5.13,10.23,10.51,11.98,8.10,408.04
2025-06-02 12:21:28,28.98,21.07,1013.54,102400000.00,4.69,6.42,11.37,11.46,13.97,9.00,412.34
2025-06-02 12:22:28,28.94,21.12,1013.54,102400000.00,4.69,6.42,12.50,13.37,16.97,10.81,409.11
2025-06-02 12:23:28,28.90,21.13,1013.53,102400000.00,4.69,6.42,11.37,12.42,15.97,10.81,415.56
2025-06-02 12:24:28,28.88,21.08,1013.54,102400000.00,4.69,7.70,12.50,14.33,17.96,11.71,417.18
2025-06-02 12:25:29,28.85,21.05,1013.54,102400000.00,4.69,7.70,12.50,14.33,16.97,11.71,419.87
2025-06-02 12:26:29,28.82,21.07,1013.54,102400000.00,4.69,7.70,12.50,13.37,15.97,10.81,418.25
2025-06-02 12:27:29,28.80,21.05,1013.54,102400000.00,4.69,6.42,12.50,13.37,15.97,10.81,418.25
2025-06-02 12:28:29,28.77,21.05,1013.53,102400000.00,4.69,6.42,12.50,13.37,15.97,10.81,417.72
2025-06-02 12:29:29,28.75,21.02,1013.48,102400000.00,4.69,6.42,12.50,13.37,15.97,10.81,417.18
2025-06-02 12:30:30,28.83,20.76,1013.47,102400000.00,4.69,6.42,11.37,11.46,14.97,9.00,408.04
2025-06-02 12:31:30,28.85,20.75,1013.45,102400000.00,4.69,6.42,11.37,12.42,15.97,9.91,416.64
2025-06-02 12:32:30,28.85,20.84,1013.42,102400000.00,4.69,6.42,11.37,12.42,14.97,9.91,415.56
2025-06-02 12:33:30,28.84,20.87,1013.44,102400000.00,3.52,5.13,7.96,8.60,9.98,6.30,407.50
2025-06-02 12:34:30,28.83,20.88,1013.42,102400000.00,4.69,6.42,10.23,11.46,13.97,9.00,411.26
2025-06-02 12:35:30,28.81,20.90,1013.43,102400000.00,3.52,5.13,9.09,9.55,11.98,7.20,410.73
2025-06-02 12:36:31,28.77,20.94,1013.46,102400000.00,4.69,7.70,12.50,14.33,16.97,11.71,411.26
2025-06-02 12:37:31,28.73,20.95,1013.44,102400000.00,4.69,7.70,12.50,13.37,16.97,11.71,411.80
2025-06-02 12:38:31,28.70,20.92,1013.46,102400000.00,4.69,7.70,13.64,14.33,17.96,11.71,416.64
2025-06-02 12:39:31,28.67,20.95,1013.42,102400000.00,4.69,7.70,12.50,14.33,16.97,11.71,416.10
2025-06-02 12:40:31,28.65,20.97,1013.43,102400000.00,4.69,6.42,11.37,13.37,15.97,10.81,416.10
2025-06-02 12:41:32,28.62,21.00,1013.43,102400000.00,4.69,6.42,10.23,11.46,13.97,9.00,415.03
2025-06-02 12:42:32,28.59,21.11,1013.42,102400000.00,4.69,6.42,10.23,11.46,13.97,9.00,413.41
2025-06-02 12:43:32,28.54,21.21,1013.43,102400000.00,4.69,6.42,11.37,12.42,14.97,9.91,412.34
2025-06-02 12:44:32,28.50,21.25,1013.42,102400000.00,4.69,6.42,10.23,11.46,13.97,9.00,387.61
2025-06-02 12:45:32,28.46,21.35,1013.37,102400000.00,4.69,7.70,12.50,14.33,16.97,11.71,413.95
2025-06-02 12:46:33,28.42,21.35,1013.34,102400000.00,4.69,6.42,11.37,12.42,15.97,9.91,417.18
2025-06-02 12:47:33,28.40,21.34,1013.36,102400000.00,4.69,6.42,12.50,13.37,15.97,10.81,418.25
2025-06-02 12:48:33,28.38,21.36,1013.33,102400000.00,4.69,6.42,12.50,13.37,16.97,10.81,409.11
2025-06-02 12:49:33,28.37,21.38,1013.30,102400000.00,4.69,6.42,11.37,13.37,15.97,10.81,401.05
2025-06-02 12:50:33,28.34,21.45,1013.27,102400000.00,4.69,5.13,10.23,12.42,14.97,9.91,394.60
2025-06-02 12:51:33,28.32,21.50,1013.30,102400000.00,4.69,7.70,12.50,14.33,17.96,11.71,416.64
2025-06-02 12:52:34,28.31,21.50,1013.28,102400000.00,4.69,7.70,12.50,14.33,16.97,11.71,424.17
2025-06-02 12:53:34,28.30,21.55,1013.27,102400000.00,4.69,6.42,12.50,13.37,16.97,10.81,422.02
2025-06-02 12:54:34,28.28,21.54,1013.26,102400000.00,4.69,7.70,12.50,13.37,16.97,10.81,422.55
2025-06-02 12:55:34,28.27,21.61,1013.29,102400000.00,4.69,6.42,11.37,13.37,15.97,10.81,414.49
2025-06-02 12:56:34,28.25,21.61,1013.29,102400000.00,4.69,6.42,11.37,12.42,14.97,9.91,409.11
2025-06-02 12:57:35,28.25,21.66,1013.29,102400000.00,4.69,6.42,12.50,13.37,16.97,10.81,410.73
2025-06-02 12:58:35,28.24,21.62,1013.23,102400000.00,4.69,7.70,12.50,14.33,17.96,11.71,411.26
2025-06-02 12:59:35,28.22,21.60,1013.24,102400000.00,4.69,7.70,12.50,14.33,17.96,11.71,410.73
2025-06-02 13:00:35,28.21,21.56,1013.23,102400000.00,4.69,6.42,12.50,14.33,17.96,11.71,410.73
2025-06-02 13:01:35,28.19,21.68,1013.23,102400000.00,4.69,6.42,12.50,13.37,16.97,11.71,401.05
2025-06-02 13:02:36,28.15,21.87,1013.23,102400000.00,4.69,7.70,12.50,14.33,17.96,11.71,415.56
2025-06-02 13:03:36,28.07,22.02,1013.23,102400000.00,4.69,6.42,12.50,14.33,17.96,11.71,415.56
2025-06-02 13:04:36,28.02,22.18,1013.22,102400000.00,4.69,7.70,12.50,14.33,17.96,11.71,415.56
2025-06-02 13:05:36,28.01,22.02,1013.09,102400000.00,4.69,7.70,12.50,14.33,17.96,11.71,415.56
2025-06-02 13:06:36,28.02,21.91,1013.20,102400000.00,4.69,6.42,12.50,14.33,16.97,11.71,415.56
2025-06-02 13:07:36,28.03,21.87,1013.19,102400000.00,4.69,7.70,12.50,14.33,17.96,11.71,415.56
2025-06-02 13:08:37,28.02,21.87,1013.19,102400000.00,4.69,6.42,12.50,14.33,17.96,11.71,415.56
2025-06-02 13:09:37,28.01,22.01,1013.07,102400000.00,4.69,6.42,12.50,14.33,17.96,11.71,415.56
2025-06-02 13:10:37,28.00,22.05,1013.08,102400000.00,4.69,6.42,12.50,14.33,17.96,11.71,415.56
2025-06-02 13:11:37,27.99,22.03,1013.09,102400000.00,4.69,7.70,12.50,14.33,16.97,11.71,414.49
2025-06-02 13:12:37,28.00,22.01,1013.08,102400000.00,4.69,6.42,12.50,14.33,17.96,11.71,414.49
2025-06-02 13:13:38,27.99,22.05,1013.08,102400000.00,4.69,6.42,12.50,14.33,16.97,11.71,413.95
2025-06-02 13:14:38,27.99,22.04,1013.06,102400000.00,4.69,6.42,12.50,14.33,16.97,11.71,413.41
2025-06-02 13:15:38,27.99,22.12,1013.02,102400000.00,4.69,6.42,12.50,14.33,16.97,11.71,414.49
2025-06-02 13:16:38,27.98,22.20,1013.00,102400000.00,4.69,6.42,12.50,14.33,16.97,11.71,413.41
2025-06-02 13:17:38,27.97,22.20,1012.97,102400000.00,4.69,6.42,12.50,14.33,16.97,11.71,414.49
2025-06-02 13:18:38,27.97,22.22,1012.91,102400000.00,4.69,7.70,12.50,14.33,17.96,11.71,415.03
2025-06-02 13:19:39,27.96,22.25,1012.92,102400000.00,4.69,7.70,12.50,14.33,17.96,11.71,415.03
2025-06-02 13:20:39,27.96,22.19,1012.88,102400000.00,4.69,7.70,12.50,14.33,17.96,11.71,415.56
2025-06-02 13:21:39,27.95,22.25,1012.88,102400000.00,4.69,7.70,12.50,14.33,17.96,11.71,416.64
2025-06-02 13:22:39,27.94,22.30,1012.87,102400000.00,4.69,7.70,12.50,14.33,17.96,11.71,417.18
2025-06-02 13:23:39,27.95,22.31,1012.83,102400000.00,4.69,7.70,12.50,14.33,17.96,11.71,417.72
2025-06-02 13:24:40,27.95,22.27,1012.83,102400000.00,4.69,7.70,12.50,14.33,17.96,11.71,417.72
2025-06-02 13:25:40,27.95,22.30,1012.80,102400000.00,4.69,6.42,12.50,14.33,16.97,11.71,417.18
2025-06-02 13:26:40,27.93,22.35,1012.78,102400000.00,4.69,6.42,12.50,14.33,17.96,11.71,415.56
2025-06-02 13:27:40,27.90,22.56,1012.77,102400000.00,4.69,7.70,12.50,14.33,16.97,11.71,416.10
2025-06-02 13:28:40,27.87,22.66,1012.75,102400000.00,4.69,7.70,12.50,14.33,16.97,11.71,410.73
2025-06-02 13:29:41,27.86,22.68,1012.76,102400000.00,4.69,6.42,12.50,14.33,17.96,11.71,409.11
2025-06-02 13:30:41,27.84,22.70,1012.75,102400000.00,4.69,6.42,11.37,12.42,15.97,9.91,408.58
2025-06-02 13:31:41,27.82,22.73,1012.76,102400000.00,4.69,6.42,11.37,12.42,14.97,9.91,408.58
2025-06-02 13:32:41,27.88,22.53,1012.76,102400000.00,4.69,6.42,11.37,12.42,15.97,9.91,408.04
2025-06-02 13:33:41,27.95,22.20,1012.75,102400000.00,4.69,6.42,11.37,12.42,15.97,9.91,407.50
2025-06-02 13:34:42,27.99,22.19,1012.70,102400000.00,4.69,6.42,11.37,12.42,15.97,9.91,407.50
2025-06-02 13:35:42,28.01,22.18,1012.74,102400000.00,4.69,6.42,11.37,12.42,15.97,10.81,413.41
2025-06-02 13:36:42,28.01,22.21,1012.74,102400000.00,4.69,6.42,11.37,13.37,15.97,10.81,417.18
2025-06-02 13:37:42,27.95,22.84,1012.74,102400000.00,4.69,6.42,12.50,13.37,15.97,10.81,381.16
2025-06-02 13:38:42,28.18,22.10,1012.73,102400000.00,4.69,6.42,12.50,13.37,15.97,10.81,384.38
2025-06-02 13:39:42,28.50,21.43,1012.77,102400000.00,4.69,7.70,12.50,13.37,16.97,10.81,397.82
2025-06-02 13:40:43,28.82,20.79,1012.79,102400000.00,4.69,7.70,12.50,14.33,16.97,11.71,388.15
2025-06-02 13:41:43,29.12,20.40,1012.77,102400000.00,4.69,6.42,12.50,13.37,15.97,10.81,342.45
2025-06-02 13:42:43,29.38,20.24,1012.78,102400000.00,4.69,7.70,12.50,13.37,16.97,10.81,383.31
2025-06-02 13:43:43,29.61,20.20,1012.78,102400000.00,4.69,7.70,12.50,13.37,16.97,10.81,355.89
2025-06-02 13:44:43,29.84,19.86,1012.78,102400000.00,15.25,16.68,30.69,29.61,34.93,18.91,367.18
2025-06-02 13:45:44,30.05,19.87,1012.73,102400000.00,15.25,16.68,29.55,28.66,33.93,18.01,334.39
2025-06-02 13:46:44,30.17,20.14,1012.71,102400000.00,15.25,16.68,29.55,28.66,33.93,18.01,384.38
2025-06-02 13:47:44,30.50,19.15,1012.67,102400000.00,15.25,16.68,29.55,28.66,33.93,18.01,383.31
2025-06-02 13:48:44,31.11,17.60,1012.64,102400000.00,15.25,16.68,28.42,27.70,33.93,18.01,378.47
2025-06-02 13:49:44,31.63,17.22,1012.60,102400000.00,15.25,15.40,28.42,27.70,33.93,18.01,374.17
2025-06-02 13:50:44,32.09,17.05,1012.61,102400000.00,15.25,15.40,28.42,27.70,33.93,18.01,376.86
2025-06-02 13:51:45,32.55,16.62,1012.58,102400000.00,15.25,15.40,28.42,27.70,33.93,18.01,377.40
2025-06-02 13:52:45,32.97,16.27,1012.60,102400000.00,15.25,16.68,28.42,27.70,33.93,18.01,377.93
2025-06-02 13:53:45,33.35,16.09,1012.58,102400000.00,15.25,15.40,27.28,27.70,32.94,17.11,370.94
2025-06-02 13:54:45,33.68,15.86,1012.61,102400000.00,15.25,15.40,28.42,27.70,33.93,17.11,374.17
2025-06-02 13:55:45,34.00,15.65,1012.61,102400000.00,15.25,15.40,28.42,27.70,33.93,17.11,373.63
2025-06-02 13:56:46,34.27,15.52,1012.58,102400000.00,15.25,15.40,28.42,27.70,32.94,17.11,373.63
2025-06-02 13:57:46,34.53,15.32,1012.57,102400000.00,15.25,15.40,28.42,27.70,32.94,17.11,372.02
2025-06-02 13:58:46,34.69,15.27,1012.59,102400000.00,15.25,15.40,28.42,27.70,32.94,17.11,368.79
2025-06-02 13:59:46,34.81,15.37,1012.57,102400000.00,15.25,15.40,27.28,26.75,32.94,17.11,369.33
2025-06-02 14:00:46,34.95,15.43,1012.56,102400000.00,15.25,15.40,28.42,27.70,32.94,17.11,374.71
2025-06-02 14:01:47,35.11,15.26,1012.58,102400000.00,15.25,16.68,28.42,27.70,33.93,18.01,381.16
2025-06-02 14:02:47,35.30,14.91,1012.59,102400000.00,14.08,15.40,27.28,26.75,31.94,17.11,365.03
2025-06-02 14:03:47,35.49,14.50,1012.56,102400000.00,15.25,15.40,27.28,27.70,32.94,17.11,396.21
2025-06-02 14:04:47,35.77,14.24,1012.59,102400000.00,15.25,15.40,28.42,27.70,34.93,18.01,382.77
2025-06-02 14:05:47,35.95,14.16,1012.57,102400000.00,15.25,15.40,28.42,27.70,33.93,18.01,382.77
2025-06-02 14:06:47,36.03,14.27,1012.58,102400000.00,15.25,15.40,28.42,28.66,34.93,18.01,387.07
2025-06-03 06:44:23,26.28,29.38,1017.10,102400000.00,11.73,14.11,26.14,25.79,0.00,0.00,453.20
2025-06-03 06:45:23,26.29,29.22,1017.11,102400000.00,12.90,16.68,28.42,28.66,34.93,20.71,441.37
2025-06-03 06:46:23,26.36,29.06,1017.09,102400000.00,15.25,20.53,34.10,32.48,37.93,22.51,500.51
2025-06-03 06:47:23,26.44,28.57,1017.11,102400000.00,15.25,19.25,32.96,32.48,37.93,22.51,490.83
2025-06-03 06:48:23,26.50,28.27,1017.12,102400000.00,14.08,16.68,28.42,27.70,32.94,18.91,482.76
2025-06-03 06:49:23,26.52,28.22,1017.10,102400000.00,12.90,15.40,27.28,26.75,31.94,18.91,478.46
2025-06-03 06:50:24,26.72,27.85,1017.12,102400000.00,14.08,16.68,29.55,28.66,33.93,19.81,470.40
2025-06-03 06:51:24,27.28,25.60,1017.10,102400000.00,14.08,16.68,29.55,28.66,33.93,19.81,463.41
2025-06-03 06:52:24,28.05,23.47,1017.17,102400000.00,15.25,17.96,30.69,29.61,34.93,19.81,458.57
2025-06-03 06:53:24,28.94,21.91,1017.18,102400000.00,15.25,17.96,30.69,29.61,34.93,19.81,455.35
2025-06-03 06:54:24,29.70,21.09,1017.16,102400000.00,14.08,16.68,29.55,28.66,33.93,19.81,453.73
2025-06-03 06:55:25,30.17,21.32,1017.17,102400000.00,14.08,17.96,29.55,28.66,33.93,19.81,449.97
2025-06-03 06:56:25,30.46,21.55,1017.15,102400000.00,12.90,15.40,26.14,25.79,29.94,17.11,448.36
2025-06-03 06:57:25,30.61,21.78,1017.16,102400000.00,12.90,14.11,25.01,24.84,29.94,17.11,445.67
2025-06-03 06:58:25,30.53,22.57,1017.15,102400000.00,12.90,14.11,26.14,24.84,29.94,17.11,442.44
2025-06-03 06:59:25,30.54,22.62,1017.13,102400000.00,12.90,14.11,26.14,24.84,29.94,17.11,441.37
2025-06-03 07:00:26,30.53,22.57,1017.14,102400000.00,14.08,15.40,27.28,26.75,31.94,18.01,441.37
2025-06-03 07:01:26,30.45,22.96,1017.18,102400000.00,11.73,14.11,25.01,24.84,29.94,17.11,438.68
2025-06-03 07:02:26,30.31,23.34,1017.14,102400000.00,11.73,14.11,25.01,24.84,28.94,16.21,438.68
2025-06-03 07:03:26,30.16,23.62,1017.18,102400000.00,12.90,15.40,26.14,25.79,29.94,17.11,439.22
2025-06-03 07:04:26,29.99,23.98,1017.18,102400000.00,12.90,15.40,26.14,25.79,29.94,17.11,440.83
2025-06-03 07:05:26,29.77,24.39,1017.17,102400000.00,11.73,14.11,25.01,24.84,28.94,16.21,443.52
2025-06-03 07:06:27,29.49,25.16,1017.20,102400000.00,14.08,16.68,29.55,28.66,31.94,18.91,445.67
2025-06-03 07:07:27,29.22,25.51,1017.22,102400000.00,14.08,15.40,28.42,27.70,33.93,18.91,442.44
2025-06-03 07:08:27,29.11,25.31,1017.25,102400000.00,12.90,15.40,27.28,27.70,32.94,18.01,442.98
2025-06-03 07:09:27,29.01,25.16,1017.28,102400000.00,14.08,16.68,29.55,28.66,33.93,18.91,447.82
2025-06-03 07:10:27,28.89,25.49,1017.26,102400000.00,12.90,14.11,25.01,24.84,29.94,16.21,445.13
2025-06-03 07:11:28,28.73,25.82,1017.29,102400000.00,12.90,15.40,27.28,26.75,31.94,18.01,445.13
2025-06-03 07:12:28,28.62,25.88,1017.32,102400000.00,12.90,15.40,27.28,26.75,31.94,18.01,446.21
2025-06-03 07:13:28,28.53,25.97,1017.33,102400000.00,12.90,15.40,27.28,26.75,31.94,18.01,445.67
2025-06-03 07:14:28,28.49,25.76,1017.35,102400000.00,12.90,15.40,27.28,26.75,30.94,17.11,446.21
2025-06-03 07:15:28,28.44,25.84,1017.34,102400000.00,12.90,15.40,27.28,26.75,30.94,17.11,446.21
2025-06-03 07:16:28,28.39,25.93,1017.38,102400000.00,12.90,15.40,27.28,26.75,30.94,17.11,445.67
2025-06-03 07:17:29,28.35,25.99,1017.40,102400000.00,12.90,15.40,26.14,25.79,29.94,17.11,446.21
2025-06-03 07:18:29,28.29,26.32,1017.42,102400000.00,14.08,15.40,28.42,27.70,29.94,17.11,452.12
2025-06-03 07:19:29,28.31,25.87,1017.44,102400000.00,14.08,16.68,29.55,28.66,33.93,18.91,447.82
2025-06-03 07:20:29,28.30,25.98,1017.44,102400000.00,14.08,16.68,29.55,28.66,34.93,18.91,447.28
2025-06-03 07:21:29,28.30,25.95,1017.46,102400000.00,15.25,17.96,30.69,29.61,34.93,19.81,448.36
2025-06-03 07:22:30,28.31,25.93,1017.47,102400000.00,14.08,16.68,29.55,29.61,34.93,19.81,447.82
2025-06-03 07:23:30,28.31,25.95,1017.48,102400000.00,14.08,15.40,28.42,27.70,32.94,18.91,448.36
2025-06-03 07:24:30,28.38,25.55,1017.45,102400000.00,14.08,16.68,28.42,27.70,32.94,18.01,447.28
2025-06-03 07:25:30,28.38,25.61,1017.48,102400000.00,15.25,19.25,31.83,31.52,36.93,20.71,450.51
2025-06-03 07:26:30,28.35,25.92,1017.50,102400000.00,14.08,16.68,29.55,28.66,33.93,18.91,447.82
2025-06-03 07:27:31,28.28,26.15,1017.47,102400000.00,14.08,16.68,29.55,29.61,34.93,18.91,450.51
2025-06-03 07:28:31,28.22,26.30,1017.46,102400000.00,17.60,20.53,34.10,32.48,38.92,22.51,450.51
2025-06-03 07:29:31,28.18,26.41,1017.46,102400000.00,15.25,17.96,30.69,29.61,33.93,19.81,450.51
2025-06-03 07:30:31,28.18,26.18,1017.46,102400000.00,14.08,16.68,29.55,28.66,32.94,18.91,449.97
2025-06-03 07:31:31,28.20,26.09,1017.47,102400000.00,14.08,17.96,29.55,28.66,33.93,18.91,451.05
2025-06-03 07:32:31,28.30,25.90,1017.49,102400000.00,14.08,15.40,28.42,27.70,32.94,18.01,446.21
2025-06-03 07:33:32,28.46,25.21,1017.46,102400000.00,14.08,16.68,28.42,27.70,32.94,18.01,446.21
2025-06-03 07:34:32,28.57,25.12,1017.48,102400000.00,15.25,17.96,31.83,30.57,35.93,20.71,449.43
2025-06-03 07:35:32,28.59,25.34,1017.48,102400000.00,17.60,21.81,36.37,34.39,39.92,23.41,451.58
2025-06-03 07:36:32,28.54,25.79,1017.50,102400000.00,18.77,24.38,38.65,36.30,42.92,25.21,454.27
2025-06-03 07:37:32,28.47,25.92,1017.49,102400000.00,18.77,21.81,36.37,34.39,40.92,23.41,455.35
2025-06-03 07:38:33,28.40,26.10,1017.50,102400000.00,16.42,19.25,32.96,31.52,35.93,20.71,455.35
2025-06-03 07:39:33,28.35,26.09,1017.51,102400000.00,15.25,17.96,30.69,29.61,34.93,19.81,451.58
2025-06-03 07:40:33,28.31,26.03,1017.52,102400000.00,15.25,17.96,30.69,29.61,34.93,19.81,451.05
2025-06-03 07:41:33,28.27,26.05,1017.51,102400000.00,5.87,7.70,12.50,13.37,14.97,9.91,440.83
2025-06-03 07:42:33,28.27,25.95,1017.52,102400000.00,23.46,33.36,72.75,65.91,46.91,25.21,447.82
2025-06-03 07:43:34,28.26,26.03,1017.51,102400000.00,23.46,33.36,71.61,65.91,45.91,24.31,447.82
2025-06-03 07:44:34,28.28,25.90,1017.52,102400000.00,23.46,33.36,71.61,65.91,45.91,24.31,448.36
2025-06-03 07:45:34,28.32,25.83,1017.56,102400000.00,23.46,33.36,71.61,65.91,45.91,24.31,448.90
2025-06-03 07:46:34,28.40,25.73,1017.58,102400000.00,26.98,41.06,87.53,84.06,50.90,27.91,463.95
2025-06-03 07:47:34,28.49,25.48,1017.64,102400000.00,24.64,35.93,76.16,71.64,47.91,26.11,460.72
2025-06-03 07:48:34,28.51,25.44,1017.65,102400000.00,25.81,39.78,85.25,80.24,48.90,27.01,464.49
2025-06-03 07:49:35,28.50,25.61,1017.67,102400000.00,26.98,42.34,88.66,84.06,50.90,28.82,467.17
2025-06-03 07:50:35,28.49,25.72,1017.67,102400000.00,28.16,43.63,88.66,85.02,51.90,28.82,468.25
2025-06-03 07:51:35,28.46,25.80,1017.65,102400000.00,28.16,43.63,89.80,85.02,52.90,29.72,470.40
2025-06-03 07:52:35,28.46,25.70,1017.71,102400000.00,28.16,42.34,88.66,84.06,51.90,29.72,467.71
2025-06-03 07:53:35,28.42,25.96,1017.69,102400000.00,28.16,42.34,87.53,83.11,51.90,28.82,467.71
2025-06-03 07:54:36,28.39,26.03,1017.67,102400000.00,28.16,43.63,88.66,84.06,52.90,29.72,498.36
2025-06-03 07:55:36,28.46,25.66,1017.72,102400000.00,28.16,42.34,87.53,83.11,51.90,29.72,469.32
2025-06-03 07:56:36,28.57,25.19,1017.69,102400000.00,26.98,42.34,86.39,82.15,50.90,28.82,468.79
2025-06-03 07:57:36,28.60,25.38,1017.69,102400000.00,26.98,42.34,87.53,82.15,50.90,28.82,471.48
2025-06-03 07:58:36,28.59,25.62,1017.68,102400000.00,26.98,42.34,86.39,82.15,50.90,28.82,470.94
2025-06-03 07:59:37,28.56,25.77,1017.71,102400000.00,26.98,41.06,86.39,82.15,50.90,28.82,466.64
2025-06-03 08:00:37,28.51,25.80,1017.69,102400000.00,26.98,41.06,86.39,82.15,49.90,28.82,466.10
2025-06-03 08:01:37,28.47,25.87,1017.70,102400000.00,26.98,41.06,86.39,82.15,50.90,28.82,465.56
2025-06-03 08:02:37,28.47,25.71,1017.72,102400000.00,26.98,42.34,86.39,82.15,50.90,28.82,465.56
2025-06-03 08:03:37,28.45,25.72,1017.69,102400000.00,26.98,41.06,86.39,82.15,50.90,28.82,464.49
2025-06-03 08:04:37,28.38,25.86,1017.72,102400000.00,26.98,42.34,86.39,82.15,50.90,28.82,466.10
2025-06-03 08:05:38,28.35,25.92,1017.73,102400000.00,26.98,41.06,85.25,81.19,49.90,28.82,468.25
2025-06-03 08:06:38,28.31,25.91,1017.74,102400000.00,26.98,41.06,85.25,80.24,50.90,28.82,468.25
2025-06-03 08:07:38,28.27,26.02,1017.76,102400000.00,26.98,41.06,85.25,80.24,50.90,28.82,468.25
2025-06-03 08:08:38,28.26,25.87,1017.75,102400000.00,26.98,41.06,85.25,80.24,49.90,28.82,466.10
2025-06-03 08:09:38,28.26,25.89,1017.77,102400000.00,28.16,42.34,85.25,81.19,50.90,29.72,466.10
2025-06-03 08:10:39,28.23,25.96,1017.78,102400000.00,26.98,41.06,85.25,80.24,49.90,28.82,463.41
2025-06-03 08:11:39,28.20,26.03,1017.80,102400000.00,26.98,41.06,84.12,80.24,49.90,28.82,464.49
2025-06-03 08:12:39,28.20,25.93,1017.82,102400000.00,26.98,41.06,84.12,79.28,49.90,27.91,462.87
2025-06-03 08:13:39,28.22,25.79,1017.84,102400000.00,26.98,41.06,84.12,79.28,49.90,28.82,464.49
2025-06-03 08:14:39,28.23,25.69,1017.89,102400000.00,26.98,41.06,84.12,79.28,49.90,27.91,464.49
2025-06-03 08:15:39,28.23,25.64,1017.91,102400000.00,28.16,41.06,85.25,80.24,50.90,28.82,467.17
2025-06-03 08:16:40,28.22,25.74,1017.93,102400000.00,26.98,38.49,80.71,75.46,48.90,28.82,473.09
2025-06-03 08:35:35,28.22,25.63,1018.39,102400000.00,28.16,39.78,76.16,71.64,0.00,0.00,486.53
2025-06-03 08:36:35,28.37,25.03,1018.41,102400000.00,29.33,41.06,77.30,72.60,51.90,31.52,456.96
2025-06-03 08:37:35,28.60,24.45,1018.41,102400000.00,28.16,38.49,73.89,69.73,49.90,29.72,480.08
2025-06-03 08:38:35,28.79,24.56,1018.41,102400000.00,28.16,38.49,73.89,69.73,49.90,30.62,469.32
2025-06-03 08:39:36,28.93,24.00,1018.39,102400000.00,28.16,38.49,73.89,69.73,49.90,29.72,477.39
2025-06-03 08:40:36,29.00,24.12,1018.45,102400000.00,28.16,37.21,72.75,68.78,48.90,29.72,479.00
2025-06-03 08:41:36,28.95,24.58,1018.46,102400000.00,28.16,37.21,72.75,68.78,49.90,30.62,477.93
2025-06-03 08:42:36,28.86,24.89,1018.46,102400000.00,28.16,37.21,72.75,67.82,48.90,29.72,477.39
2025-06-03 08:43:36,28.84,24.77,1018.46,102400000.00,26.98,37.21,71.61,67.82,48.90,29.72,477.39
2025-06-03 08:44:37,28.81,24.70,1018.46,102400000.00,28.16,37.21,72.75,68.78,49.90,29.72,481.69
2025-06-03 08:45:37,28.73,24.99,1018.47,102400000.00,26.98,37.21,71.61,67.82,48.90,29.72,484.38
2025-06-03 08:46:37,28.64,25.18,1018.46,102400000.00,26.98,37.21,71.61,67.82,48.90,29.72,483.84
2025-06-03 08:47:37,28.59,25.03,1018.47,102400000.00,26.98,37.21,71.61,67.82,48.90,29.72,481.15
2025-06-03 08:48:37,28.60,24.74,1018.49,102400000.00,26.98,37.21,71.61,67.82,48.90,28.82,477.39
2025-06-03 08:49:37,28.60,24.57,1018.48,102400000.00,26.98,37.21,71.61,67.82,47.91,28.82,477.39
2025-06-03 08:50:38,28.57,24.76,1018.45,102400000.00,26.98,37.21,71.61,67.82,47.91,28.82,474.16
2025-06-03 08:51:38,28.52,24.95,1018.47,102400000.00,26.98,35.93,71.61,66.87,47.91,28.82,473.63
2025-06-03 08:52:38,28.47,25.14,1018.46,102400000.00,26.98,35.93,70.48,66.87,47.91,28.82,473.63
2025-06-03 08:53:38,28.44,25.09,1018.41,102400000.00,26.98,35.93,70.48,66.87,47.91,28.82,477.39
2025-06-03 08:54:38,28.42,25.13,1018.41,102400000.00,26.98,35.93,70.48,66.87,47.91,28.82,475.24
2025-06-03 08:55:39,28.38,25.20,1018.43,102400000.00,26.98,37.21,71.61,67.82,47.91,28.82,476.85
2025-06-03 08:56:39,28.33,25.33,1018.43,102400000.00,26.98,35.93,71.61,67.82,47.91,28.82,470.94
2025-06-03 08:57:39,28.30,25.43,1018.42,102400000.00,26.98,37.21,72.75,68.78,48.90,29.72,476.31
2025-06-03 08:58:39,28.27,25.35,1018.43,102400000.00,28.16,37.21,72.75,68.78,49.90,29.72,472.01
2025-06-03 08:59:39,28.27,25.32,1018.44,102400000.00,26.98,37.21,71.61,67.82,48.90,29.72,472.55
2025-06-03 09:00:40,28.25,25.35,1018.44,102400000.00,26.98,37.21,72.75,68.78,48.90,29.72,473.63
2025-06-03 09:01:40,28.23,25.34,1018.41,102400000.00,25.81,35.93,70.48,66.87,47.91,28.82,474.70
2025-06-03 09:02:40,28.23,25.26,1018.41,102400000.00,26.98,35.93,71.61,66.87,47.91,28.82,478.46
2025-06-03 09:03:40,28.23,25.28,1018.41,102400000.00,26.98,35.93,71.61,66.87,47.91,28.82,475.24
2025-06-03 09:04:40,28.20,25.33,1018.39,102400000.00,25.81,35.93,70.48,66.87,47.91,28.82,470.40
2025-06-03 09:05:40,28.17,25.41,1018.40,102400000.00,28.16,37.21,73.89,68.78,49.90,30.62,475.78
2025-06-03 09:06:41,28.15,25.44,1018.38,102400000.00,28.16,37.21,71.61,67.82,49.90,29.72,475.78
2025-06-03 09:07:41,28.14,25.39,1018.35,102400000.00,28.16,38.49,78.43,70.69,51.90,30.62,473.09
2025-06-03 09:08:41,28.14,25.41,1018.34,102400000.00,28.16,37.21,72.75,68.78,49.90,30.62,478.46
2025-06-03 09:09:41,28.14,25.42,1018.26,102400000.00,29.33,39.78,76.16,70.69,51.90,31.52,483.84
2025-06-03 09:10:41,28.13,25.40,1018.25,102400000.00,37.54,61.59,100.03,89.79,63.87,43.22,507.49
2025-06-03 09:11:42,28.13,25.37,1018.23,102400000.00,31.68,46.19,85.25,76.42,54.89,35.12,474.16
2025-06-03 09:12:42,28.14,25.40,1018.21,102400000.00,34.02,51.33,81.84,77.37,58.88,39.62,511.80
2025-06-03 09:13:42,28.20,25.12,1018.21,102400000.00,28.16,37.21,67.07,63.05,48.90,30.62,476.31
2025-06-03 09:14:42,28.22,25.14,1018.21,102400000.00,25.81,33.36,62.52,59.22,46.91,28.82,476.31
2025-06-03 09:15:42,28.21,25.25,1018.22,102400000.00,26.98,33.36,63.66,61.13,47.91,29.72,473.63
2025-06-03 09:16:43,28.19,25.30,1018.22,102400000.00,26.98,33.36,63.66,61.13,47.91,29.72,476.85
2025-06-03 09:17:43,28.18,25.30,1018.23,102400000.00,26.98,33.36,63.66,60.18,47.91,28.82,476.85
2025-06-03 09:18:43,28.17,25.31,1018.26,102400000.00,28.16,34.64,64.79,61.13,48.90,29.72,477.93
2025-06-03 09:19:43,28.15,25.34,1018.34,102400000.00,26.98,33.36,63.66,61.13,47.91,29.72,479.00
2025-06-03 09:20:43,28.15,25.26,1018.37,102400000.00,26.98,33.36,62.52,60.18,46.91,28.82,479.00
2025-06-03 09:21:43,28.11,25.36,1018.38,102400000.00,26.98,33.36,62.52,60.18,47.91,29.72,481.69
2025-06-03 09:22:44,28.11,25.36,1018.39,102400000.00,26.98,33.36,62.52,60.18,47.91,29.72,481.69
2025-06-03 09:23:44,28.07,25.44,1018.42,102400000.00,26.98,33.36,62.52,60.18,47.91,28.82,456.42
2025-06-03 09:24:44,28.11,25.31,1018.44,102400000.00,26.98,33.36,62.52,60.18,48.90,30.62,494.59
2025-06-03 09:25:44,28.10,25.30,1018.44,102400000.00,28.16,33.36,62.52,60.18,48.90,30.62,489.22
2025-06-03 09:26:44,28.10,25.34,1018.44,102400000.00,26.98,33.36,61.38,60.18,48.90,29.72,488.68
2025-06-03 09:27:45,28.07,25.43,1018.44,102400000.00,28.16,33.36,62.52,60.18,48.90,30.62,490.29
2025-06-03 09:28:45,28.06,25.43,1018.43,102400000.00,28.16,34.64,62.52,61.13,49.90,31.52,494.05
2025-06-03 09:29:45,28.05,25.44,1018.44,102400000.00,26.98,33.36,61.38,59.22,47.91,30.62,491.37
2025-06-03 09:30:45,28.06,25.37,1018.43,102400000.00,28.16,33.36,62.52,60.18,48.90,30.62,495.67
2025-06-03 09:31:45,28.06,25.37,1018.42,102400000.00,28.16,33.36,62.52,60.18,48.90,30.62,493.52
2025-06-03 09:32:46,28.18,24.95,1018.42,102400000.00,29.33,35.93,64.79,63.05,51.90,32.42,500.51
2025-06-03 09:33:46,28.31,24.55,1018.47,102400000.00,29.33,35.93,64.79,62.09,50.90,32.42,501.58
2025-06-03 09:34:46,28.33,24.84,1018.48,102400000.00,29.33,35.93,64.79,63.05,51.90,32.42,502.66
2025-06-03 09:35:46,28.31,25.11,1018.49,102400000.00,29.33,35.93,64.79,63.05,51.90,32.42,503.73
2025-06-03 09:36:46,28.29,25.14,1018.50,102400000.00,26.98,30.80,51.15,49.67,46.91,29.72,498.36
2025-06-03 09:37:46,28.26,25.20,1018.51,102400000.00,29.33,35.93,64.79,63.05,51.90,32.42,509.11
2025-06-03 09:38:47,28.23,25.30,1018.52,102400000.00,29.33,35.93,64.79,62.09,50.90,31.52,503.19
2025-06-03 09:39:47,28.20,25.35,1018.51,102400000.00,29.33,35.93,64.79,62.09,50.90,31.52,502.12
2025-06-03 09:40:47,28.20,25.28,1018.53,102400000.00,28.16,34.64,64.79,62.09,50.90,31.52,502.66
2025-06-03 09:41:47,28.18,25.32,1018.54,102400000.00,28.16,35.93,64.79,62.09,50.90,31.52,499.97
2025-06-03 09:42:47,28.17,25.28,1018.57,102400000.00,29.33,35.93,64.79,62.09,50.90,31.52,503.73
2025-06-03 09:43:48,28.15,25.56,1018.57,102400000.00,30.50,37.21,65.93,64.00,52.90,33.32,492.98
2025-06-03 09:44:48,28.36,24.73,1018.56,102400000.00,28.16,34.64,63.66,61.13,49.90,31.52,498.36
2025-06-03 09:45:48,28.64,23.67,1018.59,102400000.00,28.16,34.64,63.66,61.13,49.90,31.52,498.89
2025-06-03 09:46:48,28.82,23.71,1018.59,102400000.00,28.16,34.64,62.52,61.13,49.90,31.52,496.74
2025-06-03 09:47:48,28.85,24.17,1018.62,102400000.00,28.16,34.64,62.52,60.18,49.90,31.52,498.36
2025-06-03 09:48:48,28.80,24.53,1018.63,102400000.00,29.33,35.93,64.79,63.05,51.90,32.42,501.58
2025-06-03 09:49:49,28.91,24.07,1018.63,102400000.00,29.33,35.93,64.79,63.05,51.90,32.42,499.43
2025-06-03 09:50:49,29.13,23.24,1018.68,102400000.00,29.33,35.93,64.79,62.09,50.90,32.42,499.97
2025-06-03 09:51:49,29.29,23.17,1018.70,102400000.00,28.16,34.64,63.66,61.13,50.90,31.52,498.89
2025-06-03 09:52:49,29.36,23.34,1018.69,102400000.00,28.16,34.64,63.66,61.13,49.90,31.52,487.60
2025-06-03 09:53:49,29.34,23.66,1018.70,102400000.00,28.16,34.64,63.66,61.13,49.90,31.52,480.08
2025-06-03 09:54:50,29.23,24.15,1018.71,102400000.00,28.16,34.64,62.52,61.13,49.90,31.52,499.43
2025-06-03 09:55:50,29.12,24.32,1018.70,102400000.00,28.16,34.64,62.52,61.13,49.90,31.52,498.89
2025-06-03 09:56:50,28.99,24.54,1018.71,102400000.00,28.16,34.64,62.52,61.13,49.90,31.52,498.89
2025-06-03 09:57:50,28.88,24.74,1018.73,102400000.00,28.16,34.64,62.52,61.13,49.90,31.52,499.97
2025-06-03 09:58:50,28.78,24.72,1018.74,102400000.00,28.16,34.64,62.52,61.13,49.90,31.52,499.43
2025-06-03 09:59:51,28.68,24.83,1018.71,102400000.00,28.16,34.64,62.52,61.13,49.90,31.52,499.97
2025-06-03 10:00:51,28.61,24.88,1018.72,102400000.00,28.16,34.64,62.52,60.18,49.90,31.52,499.43
2025-06-03 10:01:51,28.54,24.89,1018.74,102400000.00,28.16,33.36,61.38,60.18,48.90,31.52,498.36
2025-06-03 10:02:51,28.49,24.89,1018.72,102400000.00,28.16,33.36,61.38,60.18,48.90,31.52,497.28
2025-06-03 10:03:51,28.44,25.00,1018.72,102400000.00,28.16,33.36,61.38,60.18,48.90,31.52,473.09
2025-06-03 10:04:51,28.49,24.56,1018.72,102400000.00,26.98,33.36,61.38,60.18,48.90,30.62,485.99
2025-06-03 10:05:52,28.50,24.60,1018.74,102400000.00,28.16,33.36,61.38,60.18,48.90,30.62,471.48
2025-06-03 10:06:52,28.49,24.72,1018.75,102400000.00,26.98,33.36,61.38,60.18,48.90,30.62,481.15
2025-06-03 10:07:52,28.47,24.76,1018.75,102400000.00,26.98,33.36,61.38,59.22,48.90,30.62,479.54
2025-06-03 10:08:52,28.44,24.75,1018.72,102400000.00,28.16,33.36,61.38,60.18,48.90,30.62,464.49
2025-06-03 10:09:52,28.43,24.80,1018.72,102400000.00,28.16,34.64,62.52,61.13,50.90,32.42,493.52
2025-06-03 10:10:53,28.40,24.78,1018.71,102400000.00,28.16,33.36,61.38,60.18,49.90,31.52,493.52
2025-06-03 10:11:53,28.36,24.86,1018.71,102400000.00,28.16,33.36,61.38,60.18,49.90,31.52,491.90
2025-06-03 10:12:53,28.34,24.81,1018.69,102400000.00,28.16,33.36,62.52,60.18,49.90,31.52,493.52
2025-06-03 10:13:53,28.33,24.89,1018.71,102400000.00,28.16,34.64,62.52,61.13,49.90,31.52,492.98
2025-06-03 10:14:53,28.31,24.86,1018.71,102400000.00,28.16,33.36,61.38,60.18,48.90,31.52,487.07
2025-06-03 10:15:54,28.30,24.82,1018.69,102400000.00,28.16,33.36,61.38,60.18,48.90,31.52,489.75
2025-06-03 10:16:54,28.29,24.82,1018.70,102400000.00,26.98,33.36,60.25,59.22,48.90,30.62,491.90
2025-06-03 10:17:54,28.28,24.79,1018.67,102400000.00,26.98,33.36,61.38,59.22,48.90,30.62,487.60
2025-06-03 10:18:54,28.28,24.86,1018.65,102400000.00,28.16,33.36,61.38,60.18,49.90,31.52,490.83
2025-06-03 10:19:54,28.29,24.72,1018.66,102400000.00,26.98,33.36,61.38,59.22,48.90,31.52,488.68
2025-06-03 10:20:54,28.31,24.66,1018.66,102400000.00,24.64,26.95,42.06,42.99,43.91,27.91,485.99
2025-06-03 10:21:55,28.31,24.69,1018.64,102400000.00,25.81,32.08,59.11,58.27,46.91,29.72,485.45
2025-06-03 10:22:55,28.32,24.68,1018.62,102400000.00,26.98,33.36,61.38,59.22,48.90,30.62,487.60
2025-06-03 10:23:55,28.31,24.67,1018.61,102400000.00,26.98,33.36,61.38,59.22,48.90,30.62,487.07
2025-06-03 10:24:55,28.31,24.67,1018.60,102400000.00,28.16,33.36,61.38,60.18,49.90,31.52,484.92
2025-06-03 10:25:55,28.30,24.65,1018.55,102400000.00,25.81,29.51,50.01,49.67,45.91,28.82,485.99
2025-06-03 10:26:56,28.28,24.74,1018.53,102400000.00,26.98,33.36,61.38,59.22,48.90,30.62,459.65
2025-06-03 10:27:56,28.27,24.70,1018.53,102400000.00,28.16,33.36,61.38,60.18,49.90,31.52,487.60
2025-06-03 10:28:56,28.27,24.68,1018.53,102400000.00,28.16,33.36,61.38,60.18,49.90,31.52,487.60
2025-06-03 10:29:56,28.26,24.72,1018.53,102400000.00,28.16,33.36,61.38,60.18,49.90,31.52,485.99
2025-06-03 10:30:56,28.26,24.65,1018.55,102400000.00,28.16,32.08,59.11,57.31,50.90,32.42,487.60
2025-06-03 10:31:57,28.24,24.65,1018.53,102400000.00,28.16,32.08,57.97,56.36,48.90,31.52,487.07
2025-06-03 10:32:57,28.38,24.07,1018.55,102400000.00,28.16,32.08,57.97,57.31,49.90,31.52,487.07
2025-06-03 10:33:57,28.56,23.52,1018.59,102400000.00,28.16,32.08,57.97,57.31,49.90,31.52,483.84
2025-06-03 10:34:57,28.62,23.67,1018.58,102400000.00,28.16,32.08,57.97,57.31,49.90,31.52,485.99
2025-06-03 10:35:57,28.61,23.98,1018.57,102400000.00,28.16,32.08,57.97,57.31,49.90,31.52,485.45
2025-06-03 10:36:57,28.58,24.15,1018.57,102400000.00,28.16,32.08,57.97,57.31,49.90,31.52,484.92
2025-06-03 10:37:58,28.53,24.23,1018.59,102400000.00,28.16,32.08,57.97,56.36,49.90,31.52,484.92
2025-06-03 10:38:58,28.50,24.21,1018.61,102400000.00,26.98,32.08,57.97,56.36,48.90,31.52,484.38
2025-06-03 10:39:58,28.47,24.29,1018.60,102400000.00,28.16,32.08,57.97,57.31,49.90,31.52,485.45
2025-06-03 10:40:58,28.49,24.13,1018.63,102400000.00,28.16,32.08,57.97,57.31,49.90,31.52,483.30
2025-06-03 10:41:58,28.47,24.18,1018.64,102400000.00,28.16,32.08,56.84,56.36,49.90,31.52,478.46
2025-06-03 10:42:59,28.66,23.43,1018.66,102400000.00,26.98,30.80,56.84,56.36,48.90,31.52,484.92
2025-06-03 10:43:59,28.88,22.79,1018.67,102400000.00,28.16,32.08,56.84,56.36,49.90,31.52,484.92
2025-06-03 10:44:59,29.00,22.87,1018.69,102400000.00,28.16,32.08,56.84,56.36,49.90,31.52,483.84
2025-06-03 10:45:59,28.97,23.47,1018.69,102400000.00,28.16,32.08,56.84,56.36,49.90,31.52,482.23
2025-06-03 10:46:59,28.91,23.63,1018.70,102400000.00,28.16,30.80,56.84,55.40,49.90,31.52,482.76
2025-06-03 10:47:59,28.77,24.17,1018.73,102400000.00,26.98,30.80,56.84,55.40,48.90,30.62,467.71
2025-06-03 10:49:00,28.77,23.84,1018.74,102400000.00,28.16,32.08,56.84,55.40,49.90,31.52,480.61
2025-06-03 10:50:00,28.72,23.83,1018.74,102400000.00,26.98,30.80,55.70,54.45,47.91,30.62,475.78
2025-06-03 10:51:00,28.69,23.85,1018.72,102400000.00,28.16,32.08,57.97,56.36,49.90,31.52,477.93
2025-06-03 10:52:00,28.64,23.70,1018.72,102400000.00,28.16,30.80,56.84,56.36,49.90,31.52,478.46
2025-06-03 10:53:00,28.58,23.56,1018.74,102400000.00,28.16,32.08,56.84,56.36,48.90,31.52,475.78
2025-06-03 10:54:01,28.55,23.41,1018.77,102400000.00,28.16,32.08,56.84,56.36,48.90,31.52,475.24
2025-06-03 10:55:01,28.52,23.51,1018.79,102400000.00,28.16,32.08,56.84,55.40,48.90,30.62,474.16
2025-06-03 10:56:01,28.49,23.59,1018.80,102400000.00,28.16,30.80,56.84,55.40,48.90,30.62,472.55
2025-06-03 10:57:01,28.47,23.70,1018.81,102400000.00,26.98,30.80,56.84,55.40,48.90,30.62,472.01
2025-06-03 10:58:01,28.45,23.78,1018.80,102400000.00,26.98,30.80,56.84,55.40,48.90,30.62,471.48
2025-06-03 10:59:02,28.47,23.60,1018.84,102400000.00,26.98,30.80,56.84,55.40,48.90,30.62,469.86
2025-06-03 11:00:02,28.46,23.69,1018.79,102400000.00,26.98,30.80,56.84,55.40,48.90,30.62,470.40
2025-06-03 11:01:02,28.44,23.78,1018.80,102400000.00,28.16,32.08,56.84,56.36,48.90,31.52,469.86
2025-06-03 11:02:02,28.43,23.77,1018.81,102400000.00,26.98,30.80,55.70,55.40,48.90,30.62,467.17
2025-06-03 11:03:02,28.41,23.82,1018.80,102400000.00,26.98,30.80,56.84,55.40,49.90,30.62,467.17
2025-06-03 11:04:02,28.41,23.95,1018.80,102400000.00,25.81,28.23,52.29,50.63,43.91,27.91,359.65
2025-06-03 11:05:03,28.57,23.20,1018.80,102400000.00,26.98,30.80,55.70,55.40,48.90,30.62,455.35
2025-06-03 11:06:03,28.66,23.12,1018.81,102400000.00,28.16,30.80,56.84,55.40,49.90,30.62,466.64
2025-06-03 11:07:03,28.68,23.31,1018.81,102400000.00,26.98,30.80,55.70,55.40,48.90,30.62,464.49
2025-06-03 11:08:03,28.67,23.41,1018.81,102400000.00,28.16,29.51,52.29,51.58,48.90,30.62,462.34
2025-06-03 11:09:03,28.69,23.26,1018.80,102400000.00,26.98,29.51,52.29,51.58,48.90,30.62,462.34
2025-06-03 11:10:04,28.71,23.22,1018.84,102400000.00,28.16,29.51,52.29,51.58,48.90,30.62,468.79
2025-06-03 11:11:04,28.65,23.53,1018.83,102400000.00,28.16,29.51,52.29,51.58,48.90,30.62,461.26
2025-06-03 11:12:04,28.58,23.76,1018.86,102400000.00,26.98,28.23,51.15,50.63,48.90,30.62,459.65
2025-06-03 11:13:04,28.53,23.74,1018.86,102400000.00,28.16,28.23,51.15,50.63,48.90,30.62,458.57
2025-06-03 11:14:04,28.59,23.42,1018.87,102400000.00,26.98,28.23,51.15,50.63,48.90,30.62,458.04
2025-06-03 11:15:05,28.62,23.27,1018.86,102400000.00,26.98,28.23,51.15,50.63,48.90,30.62,457.50
2025-06-03 11:16:05,28.62,23.38,1018.85,102400000.00,26.98,28.23,50.01,48.72,46.91,29.72,458.04
2025-06-03 11:17:05,28.59,23.50,1018.84,102400000.00,26.98,28.23,50.01,49.67,47.91,29.72,456.96
2025-06-03 11:18:05,28.55,23.61,1018.84,102400000.00,26.98,28.23,50.01,49.67,47.91,29.72,455.35
2025-06-03 11:19:05,28.61,23.27,1018.83,102400000.00,25.81,26.95,48.88,48.72,46.91,29.72,455.35
2025-06-03 11:20:05,28.73,22.80,1018.84,102400000.00,26.98,28.23,50.01,49.67,47.91,29.72,452.66
2025-06-03 11:21:06,28.77,22.93,1018.84,102400000.00,24.64,25.66,46.60,45.85,44.91,27.91,448.36
2025-06-03 11:22:06,28.82,23.07,1018.84,102400000.00,26.98,28.23,50.01,49.67,47.91,29.72,441.37
2025-06-03 11:23:06,29.01,22.34,1018.85,102400000.00,26.98,28.23,50.01,48.72,47.91,29.72,437.61
2025-06-03 11:24:06,29.21,22.08,1018.88,102400000.00,26.98,28.23,50.01,48.72,47.91,29.72,439.22
2025-06-03 11:25:06,29.46,21.73,1018.88,102400000.00,26.98,28.23,50.01,48.72,46.91,29.72,413.41
2025-06-03 11:26:07,29.74,21.07,1018.88,102400000.00,26.98,28.23,50.01,48.72,47.91,29.72,447.28
2025-06-03 11:27:07,29.93,20.95,1018.90,102400000.00,25.81,26.95,48.88,47.76,45.91,28.82,444.06
2025-06-03 11:28:07,30.01,21.26,1018.91,102400000.00,24.64,24.38,39.78,40.12,42.92,27.01,441.37
2025-06-03 11:29:07,30.02,21.43,1018.92,102400000.00,26.98,26.95,48.88,47.76,46.91,29.72,444.60
2025-06-03 11:30:07,30.04,21.45,1018.94,102400000.00,25.81,26.95,46.60,46.81,45.91,27.91,442.44
2025-06-03 11:31:07,30.04,21.48,1018.95,102400000.00,25.81,25.66,46.60,45.85,44.91,27.91,441.91
2025-06-03 11:32:08,30.01,21.58,1018.94,102400000.00,25.81,25.66,46.60,45.85,44.91,27.91,440.83
2025-06-03 11:33:08,30.01,21.48,1018.96,102400000.00,26.98,26.95,48.88,47.76,47.91,29.72,445.67
2025-06-03 11:34:08,30.00,21.50,1018.97,102400000.00,26.98,26.95,47.74,46.81,46.91,28.82,443.52
2025-06-03 11:35:08,29.96,21.61,1018.98,102400000.00,26.98,26.95,48.88,47.76,47.91,29.72,442.44
2025-06-03 11:36:08,29.84,21.99,1018.95,102400000.00,26.98,26.95,48.88,47.76,47.91,29.72,445.13
2025-06-03 11:37:09,29.64,22.52,1018.98,102400000.00,26.98,26.95,48.88,47.76,46.91,29.72,445.13
2025-06-03 11:38:09,29.47,22.73,1018.96,102400000.00,26.98,26.95,48.88,47.76,46.91,29.72,444.60
2025-06-03 11:39:09,29.32,22.82,1018.93,102400000.00,26.98,26.95,47.74,47.76,46.91,29.72,439.76
2025-06-03 11:40:09,29.21,22.86,1018.95,102400000.00,26.98,26.95,47.74,46.81,45.91,28.82,441.37
2025-06-03 11:41:09,29.13,22.82,1018.93,102400000.00,26.98,26.95,47.74,46.81,45.91,28.82,442.44
2025-06-03 11:42:10,29.05,22.85,1018.90,102400000.00,25.81,25.66,46.60,45.85,45.91,28.82,441.91
2025-06-03 11:43:10,28.99,22.91,1018.89,102400000.00,24.64,25.66,45.47,44.90,43.91,27.91,437.07
2025-06-03 11:44:10,28.92,22.97,1018.88,102400000.00,26.98,26.95,48.88,47.76,47.91,29.72,441.37
2025-06-03 11:45:10,28.87,22.95,1018.88,102400000.00,26.98,26.95,47.74,46.81,46.91,28.82,441.91
2025-06-03 11:46:10,28.91,22.72,1018.88,102400000.00,26.98,26.95,47.74,46.81,45.91,28.82,439.76
2025-06-03 11:47:10,29.03,22.22,1018.88,102400000.00,25.81,25.66,46.60,45.85,45.91,27.91,438.68
2025-06-03 11:48:11,29.14,22.05,1018.88,102400000.00,26.98,26.95,48.88,47.76,47.91,29.72,439.22
2025-06-03 11:49:11,29.23,22.03,1018.88,102400000.00,26.98,26.95,47.74,46.81,45.91,28.82,437.61
2025-06-03 11:50:11,29.32,21.91,1018.86,102400000.00,25.81,25.66,46.60,45.85,45.91,28.82,439.22
2025-06-03 11:51:11,29.42,21.77,1018.87,102400000.00,25.81,25.66,47.74,46.81,45.91,28.82,440.83
2025-06-03 11:52:11,29.49,21.73,1018.86,102400000.00,21.12,17.96,25.01,26.75,37.93,24.31,432.77
2025-06-03 11:53:12,29.55,21.75,1018.84,102400000.00,21.12,17.96,25.01,26.75,37.93,24.31,433.31
2025-06-03 11:54:12,29.61,21.69,1018.81,102400000.00,21.12,17.96,25.01,26.75,37.93,24.31,432.23
2025-06-03 11:55:12,29.65,21.65,1018.83,102400000.00,24.64,24.38,44.33,42.99,42.92,27.01,435.46
2025-06-03 11:56:12,29.66,21.63,1018.80,102400000.00,26.98,26.95,47.74,47.76,46.91,28.82,438.68
2025-06-03 11:57:12,29.67,21.72,1018.76,102400000.00,26.98,26.95,47.74,47.76,46.91,29.72,438.14
2025-06-03 11:58:13,29.67,21.73,1018.74,102400000.00,26.98,26.95,47.74,46.81,45.91,28.82,439.22
2025-06-03 11:59:13,29.67,21.75,1018.72,102400000.00,26.98,26.95,47.74,46.81,46.91,28.82,438.68
2025-06-03 12:00:13,29.66,21.75,1018.71,102400000.00,25.81,25.66,46.60,45.85,44.91,27.91,439.22
2025-06-03 12:01:13,29.70,21.65,1018.69,102400000.00,25.81,25.66,46.60,45.85,44.91,27.91,439.76
2025-06-03 12:02:13,29.76,21.49,1018.64,102400000.00,25.81,25.66,46.60,45.85,44.91,27.91,439.22
2025-06-03 12:03:13,29.77,21.48,1018.62,102400000.00,26.98,26.95,48.88,47.76,47.91,29.72,439.22
2025-06-03 12:04:14,29.75,21.61,1018.62,102400000.00,26.98,26.95,48.88,47.76,47.91,29.72,439.22
2025-06-03 12:05:14,29.62,22.09,1018.61,102400000.00,26.98,26.95,47.74,47.76,46.91,29.72,438.68
2025-06-03 12:06:14,29.54,22.33,1018.62,102400000.00,25.81,25.66,46.60,45.85,44.91,27.91,437.61
2025-06-03 12:07:14,29.61,21.54,1018.64,102400000.00,25.81,25.66,46.60,45.85,44.91,27.91,437.61
2025-06-03 12:08:14,29.68,21.57,1018.67,102400000.00,25.81,25.66,46.60,45.85,44.91,27.91,437.07
2025-06-03 12:09:15,29.77,21.27,1018.65,102400000.00,25.81,25.66,46.60,45.85,44.91,27.91,437.61
2025-06-03 12:10:15,29.86,21.19,1018.66,102400000.00,25.81,25.66,46.60,45.85,45.91,27.91,437.61
2025-06-03 12:11:15,29.92,21.16,1018.69,102400000.00,26.98,26.95,48.88,47.76,47.91,29.72,440.29
2025-06-03 12:12:15,29.94,21.21,1018.67,102400000.00,25.81,25.66,46.60,45.85,45.91,28.82,438.14
2025-06-03 12:13:15,29.95,21.26,1018.67,102400000.00,25.81,25.66,45.47,44.90,45.91,28.82,437.61
2025-06-03 12:14:16,29.95,21.27,1018.67,102400000.00,26.98,26.95,46.60,46.81,46.91,29.72,439.22
2025-06-03 12:15:16,29.95,21.33,1018.69,102400000.00,26.98,26.95,46.60,45.85,46.91,28.82,438.68
2025-06-03 12:16:16,29.99,21.09,1018.69,102400000.00,25.81,25.66,45.47,44.90,45.91,28.82,437.07
2025-06-03 12:17:16,30.09,20.84,1018.69,102400000.00,25.81,25.66,45.47,45.85,45.91,28.82,434.92
2025-06-03 12:18:16,30.16,20.81,1018.74,102400000.00,25.81,25.66,45.47,44.90,45.91,28.82,435.46
2025-06-03 12:19:16,30.15,20.98,1018.76,102400000.00,25.81,25.66,45.47,45.85,45.91,28.82,435.46
2025-06-03 12:20:17,30.07,21.28,1018.75,102400000.00,26.98,26.95,46.60,45.85,45.91,28.82,436.53
2025-06-03 12:21:17,29.98,21.46,1018.77,102400000.00,25.81,25.66,46.60,45.85,45.91,28.82,435.99
2025-06-03 12:22:17,29.93,21.40,1018.78,102400000.00,25.81,25.66,45.47,44.90,45.91,28.82,437.07
2025-06-03 12:23:17,29.83,21.54,1018.77,102400000.00,26.98,26.95,46.60,45.85,46.91,28.82,435.99
2025-06-03 12:24:17,29.77,21.64,1018.79,102400000.00,26.98,25.66,46.60,45.85,45.91,28.82,436.53
2025-06-03 12:25:18,29.78,21.51,1018.80,102400000.00,25.81,25.66,46.60,45.85,45.91,28.82,436.53
2025-06-03 12:26:18,29.78,21.44,1018.82,102400000.00,25.81,25.66,46.60,45.85,45.91,28.82,434.38
2025-06-03 12:27:18,29.80,21.37,1018.83,102400000.00,26.98,26.95,46.60,46.81,46.91,29.72,435.99
2025-06-03 12:28:18,29.83,21.28,1018.81,102400000.00,25.81,25.66,46.60,45.85,46.91,28.82,435.99
2025-06-03 12:29:18,29.84,21.36,1018.80,102400000.00,25.81,25.66,45.47,44.90,45.91,28.82,433.84
2025-06-03 12:30:18,29.86,21.27,1018.82,102400000.00,26.98,25.66,45.47,45.85,46.91,29.72,436.53
2025-06-03 12:31:19,29.91,21.20,1018.83,102400000.00,26.98,25.66,45.47,44.90,46.91,28.82,436.53
2025-06-03 12:32:19,29.96,21.03,1018.83,102400000.00,26.98,25.66,45.47,44.90,46.91,28.82,435.99
2025-06-03 12:33:19,29.98,21.02,1018.82,102400000.00,26.98,25.66,45.47,44.90,46.91,28.82,435.46
2025-06-03 12:34:19,29.96,21.19,1018.84,102400000.00,25.81,25.66,44.33,43.94,45.91,28.82,438.14
2025-06-03 12:35:19,29.81,21.66,1018.79,102400000.00,25.81,25.66,44.33,43.94,45.91,28.82,433.31
2025-06-03 12:36:20,29.68,21.97,1018.84,102400000.00,28.16,26.95,45.47,45.85,47.91,30.62,436.53
2025-06-03 12:37:20,29.67,21.56,1018.83,102400000.00,25.81,24.38,43.19,42.99,45.91,28.82,433.84
2025-06-03 12:38:20,29.60,21.70,1018.81,102400000.00,26.98,25.66,44.33,43.94,46.91,29.72,435.99
2025-06-03 12:39:20,29.62,21.51,1018.82,102400000.00,26.98,25.66,44.33,43.94,46.91,29.72,434.92
2025-06-03 12:40:20,29.67,21.31,1018.83,102400000.00,26.98,25.66,44.33,43.94,46.91,29.72,435.46
2025-06-03 12:41:21,29.74,21.17,1018.82,102400000.00,26.98,25.66,44.33,43.94,46.91,29.72,434.92
2025-06-03 12:42:21,29.78,21.19,1018.84,102400000.00,26.98,25.66,43.19,42.99,46.91,28.82,434.92
2025-06-03 12:43:21,29.81,21.21,1018.83,102400000.00,26.98,25.66,43.19,42.99,46.91,28.82,434.38
2025-06-03 12:44:21,29.82,21.21,1018.84,102400000.00,26.98,25.66,44.33,43.94,47.91,29.72,435.46
2025-06-03 12:45:21,29.82,21.24,1018.81,102400000.00,26.98,25.66,44.33,43.94,47.91,29.72,437.61
2025-06-03 12:46:21,29.85,21.21,1018.81,102400000.00,26.98,25.66,44.33,43.94,46.91,29.72,438.14
2025-06-03 12:47:22,29.89,21.06,1018.82,102400000.00,26.98,25.66,43.19,42.99,46.91,28.82,406.96
2025-06-03 12:48:22,29.92,21.07,1018.84,102400000.00,26.98,25.66,43.19,43.94,47.91,29.72,438.14
2025-06-03 12:49:22,29.93,21.01,1018.83,102400000.00,25.81,24.38,42.06,42.03,45.91,28.82,435.46
2025-06-03 12:50:22,29.94,21.06,1018.85,102400000.00,4.69,5.13,5.68,5.73,4.99,3.60,64.51
2025-06-03 12:51:22,29.94,21.07,1018.85,102400000.00,4.69,5.13,5.68,5.73,4.99,3.60,63.97
2025-06-03 12:52:23,29.94,20.96,1018.84,102400000.00,4.69,5.13,5.68,5.73,4.99,3.60,64.51
2025-06-03 12:53:23,29.93,21.04,1018.83,102400000.00,4.69,5.13,5.68,5.73,4.99,3.60,63.97
2025-06-03 12:54:23,29.89,21.05,1018.82,102400000.00,4.69,5.13,5.68,5.73,4.99,3.60,64.51
2025-06-03 12:55:23,29.85,21.17,1018.80,102400000.00,3.52,5.13,5.68,5.73,4.99,3.60,63.97
2025-06-03 12:56:23,29.82,21.14,1018.80,102400000.00,4.69,5.13,5.68,4.78,4.99,3.60,63.97
2025-06-03 12:57:24,29.80,21.19,1018.80,102400000.00,3.52,5.13,5.68,4.78,4.99,3.60,63.44
2025-06-03 12:58:24,29.75,21.23,1018.77,102400000.00,3.52,5.13,5.68,4.78,4.99,3.60,63.44
2025-06-03 12:59:24,29.72,21.22,1018.74,102400000.00,3.52,5.13,5.68,4.78,4.99,3.60,63.97
2025-06-03 13:00:24,29.68,21.24,1018.74,102400000.00,3.52,5.13,5.68,4.78,4.99,3.60,63.44
2025-06-03 13:01:24,29.66,21.28,1018.71,102400000.00,3.52,5.13,5.68,4.78,4.99,3.60,63.44
2025-06-03 13:02:24,29.65,21.18,1018.71,102400000.00,3.52,5.13,5.68,4.78,4.99,3.60,62.90
2025-06-03 13:03:25,29.66,21.13,1018.70,102400000.00,3.52,5.13,5.68,4.78,4.99,3.60,62.90
2025-06-03 13:04:25,29.65,21.15,1018.70,102400000.00,3.52,5.13,5.68,4.78,4.99,3.60,62.36
2025-06-03 13:05:25,29.63,21.14,1018.69,102400000.00,3.52,5.13,5.68,4.78,4.99,3.60,59.67
2025-06-03 13:06:25,29.62,21.17,1018.68,102400000.00,3.52,5.13,5.68,4.78,4.99,3.60,58.60
2025-06-03 13:07:25,29.62,21.15,1018.71,102400000.00,3.52,5.13,5.68,4.78,4.99,3.60,58.60
2025-06-03 13:08:26,29.64,21.08,1018.69,102400000.00,3.52,3.85,5.68,4.78,3.99,2.70,58.06
2025-06-03 13:09:26,29.64,21.00,1018.69,102400000.00,3.52,5.13,5.68,4.78,4.99,3.60,59.67
2025-06-03 13:10:26,29.64,21.05,1018.75,102400000.00,3.52,5.13,5.68,4.78,4.99,3.60,58.60
2025-06-03 13:11:26,29.61,21.08,1018.69,102400000.00,3.52,5.13,5.68,4.78,3.99,2.70,58.06
2025-06-03 13:12:26,29.58,21.19,1018.68,102400000.00,3.52,3.85,5.68,4.78,3.99,2.70,57.52
2025-06-03 13:13:26,29.55,21.20,1018.67,102400000.00,3.52,3.85,5.68,4.78,3.99,2.70,57.52
2025-06-03 13:14:27,29.53,21.14,1018.65,102400000.00,3.52,3.85,5.68,4.78,3.99,2.70,56.99
2025-06-03 13:15:27,29.52,21.17,1018.62,102400000.00,3.52,3.85,5.68,4.78,3.99,2.70,56.99
2025-06-03 13:16:27,29.51,21.06,1018.62,102400000.00,3.52,3.85,4.55,4.78,3.99,2.70,56.99
2025-06-03 13:17:27,29.51,21.08,1018.60,102400000.00,3.52,3.85,5.68,4.78,3.99,2.70,56.45
2025-06-03 13:18:27,29.51,20.99,1018.59,102400000.00,3.52,3.85,5.68,4.78,3.99,2.70,56.45
2025-06-03 13:19:28,29.52,21.04,1018.57,102400000.00,3.52,3.85,4.55,4.78,3.99,2.70,56.45
2025-06-03 13:20:28,29.52,21.06,1018.54,102400000.00,3.52,3.85,4.55,4.78,3.99,2.70,55.91
2025-06-03 13:21:28,29.52,21.07,1018.53,102400000.00,3.52,3.85,4.55,4.78,3.99,2.70,55.37
2025-06-03 13:22:28,29.52,21.01,1018.50,102400000.00,3.52,3.85,4.55,4.78,3.99,2.70,56.45
2025-06-03 13:23:28,29.51,21.09,1018.49,102400000.00,3.52,3.85,4.55,4.78,3.99,2.70,55.37
2025-06-03 13:24:29,29.51,21.00,1018.48,102400000.00,3.52,3.85,4.55,4.78,3.99,2.70,54.84
2025-06-03 13:25:29,29.52,21.02,1018.46,102400000.00,3.52,3.85,4.55,4.78,3.99,2.70,55.37
2025-06-03 13:26:29,29.55,20.91,1018.48,102400000.00,25.81,24.38,43.19,42.99,46.91,29.72,432.23
2025-06-03 13:27:29,29.56,20.87,1018.43,102400000.00,25.81,24.38,43.19,42.99,46.91,29.72,431.16
2025-06-03 13:28:29,29.56,20.98,1018.42,102400000.00,25.81,24.38,43.19,42.99,46.91,28.82,431.16
2025-06-03 13:29:29,29.56,20.99,1018.41,102400000.00,25.81,24.38,43.19,42.99,46.91,28.82,430.08
2025-06-03 13:30:30,29.55,21.02,1018.41,102400000.00,25.81,24.38,43.19,42.99,46.91,28.82,430.08
2025-06-03 13:31:30,29.55,21.10,1018.39,102400000.00,25.81,24.38,43.19,42.99,46.91,28.82,429.54
2025-06-03 13:32:30,29.56,21.05,1018.37,102400000.00,25.81,24.38,42.06,42.99,46.91,28.82,428.47
2025-06-03 13:33:30,29.61,20.81,1018.35,102400000.00,25.81,24.38,42.06,42.99,46.91,28.82,428.47
2025-06-03 13:34:30,29.65,20.80,1018.37,102400000.00,25.81,24.38,42.06,42.99,46.91,28.82,428.47
2025-06-03 13:35:31,29.68,20.73,1018.36,102400000.00,25.81,24.38,42.06,42.99,46.91,28.82,428.47
2025-06-03 13:36:31,29.71,20.71,1018.35,102400000.00,25.81,24.38,42.06,42.99,46.91,28.82,428.47
2025-06-03 13:37:31,29.72,20.75,1018.37,102400000.00,25.81,24.38,42.06,42.99,46.91,28.82,427.93
2025-06-03 13:38:31,29.70,20.84,1018.39,102400000.00,25.81,24.38,42.06,42.03,46.91,28.82,427.39
2025-06-03 13:39:31,29.70,20.85,1018.36,102400000.00,25.81,24.38,42.06,42.03,46.91,28.82,427.39
2025-06-03 13:40:32,29.68,20.86,1018.36,102400000.00,25.81,24.38,42.06,42.03,46.91,28.82,426.85
2025-06-03 13:41:32,29.66,20.93,1018.38,102400000.00,25.81,24.38,42.06,42.03,46.91,28.82,426.85
2025-06-03 13:42:32,29.63,20.95,1018.35,102400000.00,25.81,24.38,42.06,42.03,45.91,28.82,426.32
2025-06-03 13:43:32,29.61,20.95,1018.34,102400000.00,25.81,24.38,42.06,42.03,46.91,28.82,426.32
2025-06-03 13:44:32,29.59,20.98,1018.35,102400000.00,25.81,24.38,42.06,42.03,45.91,28.82,425.24
2025-06-03 13:45:32,29.57,21.02,1018.37,102400000.00,25.81,24.38,42.06,42.03,45.91,28.82,425.24
2025-06-03 13:46:33,29.57,20.96,1018.38,102400000.00,25.81,24.38,42.06,42.03,45.91,28.82,425.24
2025-06-03 13:47:33,29.56,20.86,1018.38,102400000.00,25.81,24.38,42.06,42.03,45.91,28.82,424.70
2025-06-03 13:48:33,29.56,20.86,1018.36,102400000.00,25.81,24.38,42.06,42.03,45.91,28.82,424.17
2025-06-03 13:49:33,29.55,20.89,1018.37,102400000.00,25.81,24.38,42.06,42.03,45.91,28.82,424.70
2025-06-03 13:50:33,29.55,20.95,1018.38,102400000.00,25.81,24.38,42.06,42.03,45.91,28.82,424.17
2025-06-03 13:51:34,29.55,20.82,1018.38,102400000.00,24.64,23.10,39.78,40.12,42.92,27.01,404.81
2025-06-03 13:56:40,29.59,21.05,1018.36,102400000.00,31.68,44.91,97.76,88.84,0.00,0.00,376.32
2025-06-03 13:57:40,29.58,20.91,1018.34,102400000.00,34.02,47.48,101.17,91.70,62.88,32.42,415.56
2025-06-03 13:58:40,29.54,21.03,1018.35,102400000.00,34.02,48.76,102.30,92.66,62.88,32.42,425.24
